age,income,gender,city,time_on_site,pages_viewed,purchased
56,34382,Female,Chennai,10.9,19,0
46,104291,Female,Bangalore,16.7,11,1
32,23756,Female,Delhi,5.5,14,0
25,40609,Female,Bangalore,17.1,2,1
38,36478,Male,Mumbai,16.7,5,1
56,59666,Female,Bangalore,23.1,5,0
36,95683,Female,Mumbai,25.2,19,1
40,119097,Male,Chennai,13.8,12,1
28,91315,Male,Delhi,9.8,18,0
28,97834,Male,Chennai,8.5,4,0
41,34153,Female,Mumbai,6.6,17,1
53,96325,Male,Mumbai,2.7,10,0
57,32999,Female,Mumbai,10.9,6,0
41,75318,Female,Delhi,8.8,14,0
20,20814,Male,Bangalore,29.0,11,0
39,96077,Male,Chennai,17.2,11,1
19,110474,Female,Chennai,11.1,18,0
41,22443,Male,Bangalore,17.8,18,0
47,95993,Female,Chennai,5.0,11,0
55,95916,Male,Delhi,13.9,12,1
19,93319,Male,Chennai,19.2,5,0
38,37368,Male,Mumbai,15.2,9,0
50,35328,Female,Bangalore,12.7,9,0
29,76942,Male,Delhi,29.8,10,1
39,111751,Female,Bangalore,26.5,19,1
42,119131,Female,Delhi,19.1,1,0
44,47306,Female,Mumbai,17.5,7,0
59,105451,Female,Bangalore,19.0,4,0
45,59915,Male,Chennai,6.8,1,0
33,57219,Female,Delhi,12.5,15,0
32,100879,Female,Bangalore,2.1,8,0
20,84644,Male,Chennai,14.8,12,1
54,80279,Female,Bangalore,16.7,18,1
24,73028,Male,Bangalore,7.6,15,0
38,20126,Female,Bangalore,29.0,17,0
26,72329,Male,Delhi,27.4,14,1
56,47632,Female,Chennai,21.9,14,0
35,85310,Male,Mumbai,16.5,18,1
21,75176,Female,Delhi,26.2,18,0
42,106066,Female,Delhi,4.8,16,1
31,64327,Male,Delhi,23.9,1,0
26,88904,Male,Mumbai,4.6,11,0
43,23797,Male,Chennai,24.0,15,0
19,67882,Male,Chennai,9.0,12,0
37,33718,Female,Chennai,26.4,8,0
45,54560,Female,Bangalore,28.4,6,0
24,96589,Male,Bangalore,5.3,3,0
25,42116,Female,Bangalore,14.4,13,0
52,56244,Male,Mumbai,29.4,13,0
31,21645,Male,Bangalore,15.0,2,0
34,67523,Female,Mumbai,26.0,5,0
53,39256,Female,Chennai,18.1,17,0
57,73173,Female,Bangalore,11.9,6,1
21,57430,Female,Bangalore,9.3,2,0
19,59282,Female,Delhi,6.9,4,0
23,83374,Female,Mumbai,23.1,11,1
59,88244,Female,Chennai,12.2,8,1
21,31694,Male,Delhi,15.8,12,0
46,76264,Male,Delhi,15.3,8,1
35,95060,Male,Chennai,17.7,11,0
43,117416,Male,Delhi,26.1,8,1
51,77545,Male,Mumbai,29.4,8,1
27,59224,Female,Mumbai,12.8,17,1
53,117945,Male,Bangalore,25.0,16,1
31,33224,Male,Delhi,23.2,14,0
48,60738,Male,Bangalore,17.6,11,1
32,45150,Male,Delhi,28.7,7,0
25,83731,Male,Mumbai,6.8,16,0
31,69688,Male,Mumbai,4.2,13,0
40,119929,Male,Mumbai,25.8,15,1
57,93509,Female,Delhi,13.7,16,1
38,28577,Female,Mumbai,25.6,9,1
33,28070,Male,Delhi,26.9,3,0
35,28666,Female,Bangalore,2.8,19,0
41,77761,Female,Delhi,26.6,5,0
43,56368,Female,Bangalore,14.0,10,1
42,26783,Female,Delhi,15.8,17,1
58,61914,Male,Bangalore,19.2,15,1
46,90507,Female,Mumbai,27.9,8,1
32,99026,Female,Bangalore,1.6,15,0
18,87526,Female,Mumbai,14.8,14,1
42,90835,Male,Mumbai,20.9,7,1
24,65765,Male,Bangalore,22.0,12,1
26,39956,Male,Delhi,21.1,17,0
41,107895,Male,Delhi,4.9,17,0
18,66240,Male,Chennai,9.7,10,1
25,57148,Male,Delhi,11.4,19,1
41,114270,Male,Chennai,24.3,14,1
28,24757,Female,Delhi,9.1,11,0
34,39097,Female,Delhi,7.1,2,0
25,30395,Female,Mumbai,28.8,18,1
52,36241,Male,Chennai,1.3,7,0
52,47696,Male,Delhi,29.9,12,0
50,90480,Male,Chennai,20.6,2,0
22,66163,Male,Mumbai,25.0,18,1
59,39816,Male,Mumbai,9.5,6,0
56,69840,Female,Chennai,1.4,10,0
58,72853,Female,Mumbai,22.4,15,1
45,44917,Male,Bangalore,25.2,5,0
24,116731,Male,Bangalore,22.5,3,0
26,41566,Male,Mumbai,5.1,5,0
25,95452,Male,Bangalore,22.8,8,0
29,82823,Female,Delhi,23.3,8,1
51,40806,Male,Chennai,20.1,8,0
50,95520,Male,Delhi,23.2,12,1
40,21759,Male,Chennai,25.5,8,0
41,61949,Male,Mumbai,18.8,11,0
54,112374,Female,Delhi,3.6,14,0
52,22482,Male,Mumbai,15.1,8,0
57,44442,Male,Mumbai,3.3,10,0
39,53719,Female,Chennai,12.8,7,1
44,78066,Female,Chennai,12.8,17,1
52,113501,Female,Chennai,2.9,4,0
18,22079,Male,Delhi,11.1,13,0
52,22717,Male,Bangalore,4.2,4,0
54,79676,Female,Chennai,24.4,5,0
31,47952,Female,Chennai,28.5,4,0
20,106444,Female,Delhi,3.1,18,0
18,62460,Female,Chennai,28.7,6,1
22,110397,Female,Delhi,16.2,2,1
43,92847,Female,Mumbai,9.7,11,1
31,113607,Male,Chennai,3.2,14,0
56,109106,Male,Chennai,15.5,5,0
44,38449,Male,Mumbai,24.0,6,1
26,53536,Female,Mumbai,21.5,10,1
32,84077,Female,Mumbai,2.5,8,0
32,58258,Female,Chennai,3.1,14,0
43,68302,Female,Bangalore,12.7,3,0
59,48865,Female,Bangalore,9.6,12,0
30,26645,Female,Bangalore,7.7,16,0
49,58000,Male,Chennai,9.1,17,1
56,46737,Male,Mumbai,24.3,1,0
49,31485,Female,Chennai,27.9,10,1
21,58565,Male,Mumbai,12.7,10,1
47,45522,Female,Chennai,27.3,2,0
54,85155,Male,Chennai,10.3,9,1
40,75168,Female,Mumbai,14.8,13,1
56,72487,Female,Bangalore,7.6,16,1
32,32342,Male,Mumbai,19.6,18,1
46,60806,Male,Delhi,29.4,19,1
53,68770,Female,Delhi,18.5,12,1
30,98623,Female,Mumbai,11.4,8,0
49,119785,Male,Chennai,19.8,17,1
24,95629,Male,Delhi,4.6,15,0
39,72603,Female,Delhi,26.8,10,0
45,101974,Male,Chennai,15.6,15,1
19,46399,Female,Chennai,14.0,15,0
59,105382,Female,Bangalore,18.0,7,1
23,101244,Female,Chennai,19.1,13,1
45,96534,Female,Mumbai,3.1,17,0
45,75106,Male,Mumbai,20.8,9,1
37,50678,Male,Bangalore,8.0,8,0
47,96218,Male,Delhi,21.7,18,1
28,83230,Male,Delhi,24.9,13,1
45,94055,Male,Chennai,24.3,16,1
42,76373,Male,Mumbai,17.0,9,0
56,51480,Male,Delhi,16.1,12,1
50,105230,Female,Bangalore,5.1,12,0
18,88836,Male,Bangalore,23.5,6,0
44,92258,Male,Mumbai,8.9,19,1
30,59986,Female,Bangalore,15.4,7,1
58,44160,Male,Bangalore,9.2,3,0
20,105595,Male,Mumbai,4.9,16,1
56,99111,Female,Chennai,19.3,18,1
23,84929,Male,Chennai,2.6,16,0
25,93506,Male,Bangalore,22.7,7,1
44,54911,Male,Chennai,10.2,4,1
26,107127,Female,Chennai,1.0,8,0
54,51821,Male,Bangalore,15.8,13,1
50,95039,Male,Chennai,2.4,13,0
59,80535,Female,Bangalore,9.0,17,0
41,104458,Male,Delhi,21.5,17,1
32,32175,Female,Mumbai,2.8,5,0
49,74771,Female,Mumbai,25.3,6,0
49,106925,Male,Chennai,1.1,19,0
41,86358,Female,Chennai,8.2,13,1
58,37327,Female,Chennai,22.5,14,0
29,67057,Male,Mumbai,10.2,4,0
56,26150,Female,Delhi,4.0,7,0
19,24425,Female,Delhi,11.4,8,0
20,36032,Male,Mumbai,8.8,13,0
54,22198,Male,Delhi,25.4,6,0
34,80500,Male,Mumbai,10.1,6,1
19,73394,Female,Delhi,23.9,3,0
19,40079,Male,Bangalore,26.9,3,0
45,56220,Female,Bangalore,13.6,13,1
40,61874,Female,Mumbai,27.4,2,0
54,33859,Female,Delhi,11.9,16,0
49,70460,Female,Chennai,29.0,6,1
50,51419,Female,Delhi,3.6,8,0
18,28705,Female,Bangalore,20.9,8,0
36,62880,Female,Bangalore,15.3,6,1
19,43236,Male,Delhi,12.2,14,0
43,107955,Male,Delhi,19.3,3,0
49,105514,Female,Chennai,21.4,10,1
23,35358,Female,Chennai,1.1,3,0
49,119713,Male,Delhi,5.8,12,0
21,114914,Female,Delhi,21.7,17,1
28,96918,Male,Delhi,20.3,5,0
34,34596,Male,Delhi,29.0,9,0
55,53572,Male,Mumbai,23.1,7,1
41,98757,Female,Delhi,28.6,4,1
22,21279,Female,Chennai,21.4,13,1
51,83197,Male,Bangalore,9.6,13,1
23,82516,Male,Mumbai,4.1,10,0
39,27083,Male,Delhi,23.7,18,0
28,37771,Male,Bangalore,19.7,17,0
33,49975,Male,Mumbai,2.4,13,0
50,65648,Female,Bangalore,11.4,17,1
26,68285,Male,Delhi,28.7,4,0
23,39063,Female,Delhi,15.5,1,0
33,87642,Male,Chennai,13.5,1,0
46,110093,Female,Delhi,14.3,15,0
20,106143,Female,Delhi,7.1,13,0
37,57599,Female,Mumbai,11.7,17,1
53,71920,Female,Chennai,11.7,8,1
36,48529,Female,Mumbai,2.5,18,0
43,55954,Female,Bangalore,23.3,13,0
20,47856,Male,Delhi,13.1,14,0
36,22573,Female,Bangalore,24.8,8,0
37,98344,Male,Mumbai,25.7,8,1
49,55367,Female,Delhi,7.1,15,0
24,119608,Female,Delhi,20.1,13,0
58,80774,Male,Mumbai,14.7,7,1
50,43752,Female,Mumbai,26.5,5,0
57,75029,Male,Mumbai,7.3,17,0
56,37685,Male,Mumbai,20.7,16,0
35,71693,Male,Mumbai,18.6,2,0
57,75961,Male,Delhi,9.6,18,0
18,96908,Female,Mumbai,5.0,17,0
28,94532,Female,Delhi,19.9,7,1
45,101994,Male,Delhi,22.4,13,1
42,76133,Female,Mumbai,10.2,18,1
40,117425,Female,Mumbai,19.7,14,1
48,81268,Male,Chennai,12.5,18,0
47,112201,Female,Delhi,21.7,13,1
59,58243,Male,Mumbai,6.8,11,0
52,77384,Male,Mumbai,26.8,16,0
24,51653,Female,Mumbai,9.3,17,0
33,46657,Female,Chennai,11.7,8,0
43,59952,Female,Chennai,2.7,19,0
19,42180,Male,Bangalore,4.2,15,1
18,117432,Male,Delhi,16.0,9,0
29,98411,Female,Bangalore,8.8,10,1
22,21622,Female,Mumbai,25.2,12,0
54,68756,Female,Chennai,1.4,1,0
49,60809,Female,Chennai,12.0,9,1
26,36725,Male,Bangalore,10.8,15,0
58,81396,Female,Chennai,1.6,1,0
52,71226,Male,Mumbai,4.6,12,0
36,101182,Male,Chennai,13.0,3,0
33,102565,Female,Bangalore,15.3,11,0
20,49402,Female,Mumbai,12.7,2,0
37,24263,Female,Bangalore,16.4,16,0
41,116523,Male,Chennai,18.3,9,1
50,66828,Female,Bangalore,1.3,15,0
41,67924,Female,Bangalore,14.5,12,1
28,94182,Male,Delhi,28.9,1,1
25,113065,Female,Chennai,16.1,13,1
53,79052,Male,Chennai,20.6,14,1
55,31664,Female,Bangalore,10.0,8,0
57,55737,Male,Delhi,23.4,8,0
37,109563,Female,Chennai,23.4,12,1
52,49373,Female,Mumbai,16.1,1,0
42,56397,Male,Bangalore,29.3,11,1
52,106145,Male,Chennai,4.6,8,0
42,58709,Female,Mumbai,1.5,10,0
46,81120,Male,Chennai,23.3,19,1
35,39250,Male,Mumbai,24.4,11,0
35,41172,Male,Bangalore,4.5,7,0
19,31555,Male,Chennai,8.7,11,0
52,107410,Female,Chennai,1.5,17,0
33,98617,Female,Delhi,9.5,1,0
58,73276,Male,Bangalore,23.4,8,1
53,77492,Male,Mumbai,16.0,6,1
50,73002,Male,Chennai,11.1,18,0
21,109599,Male,Chennai,11.8,6,0
50,92355,Female,Mumbai,1.0,5,0
31,111248,Female,Bangalore,9.7,13,0
38,44762,Male,Delhi,19.7,19,1
37,31046,Male,Delhi,29.3,8,0
25,116999,Male,Chennai,25.6,9,1
24,48769,Female,Mumbai,1.7,17,0
20,73302,Male,Chennai,27.1,3,0
34,43150,Female,Mumbai,23.7,19,0
50,88247,Male,Delhi,23.6,11,1
29,24853,Female,Bangalore,14.3,17,0
39,114613,Male,Mumbai,12.5,19,0
39,109399,Female,Delhi,9.8,2,0
47,41792,Male,Chennai,2.9,8,0
55,79129,Male,Mumbai,7.6,19,0
55,94478,Male,Bangalore,8.2,7,0
25,87298,Female,Chennai,15.0,17,1
44,51987,Male,Chennai,22.7,6,1
44,35850,Female,Delhi,14.7,19,0
51,32112,Female,Mumbai,2.7,6,0
38,44058,Male,Chennai,28.8,2,0
47,65420,Male,Bangalore,28.3,6,1
50,58890,Male,Mumbai,23.8,5,0
45,86017,Female,Bangalore,29.7,19,0
50,67304,Male,Chennai,16.8,4,1
22,52921,Female,Bangalore,28.9,17,1
36,21524,Female,Delhi,3.2,11,0
21,35048,Male,Bangalore,11.6,4,0
52,55111,Male,Mumbai,7.5,13,0
34,57904,Male,Bangalore,6.7,17,0
45,74912,Male,Bangalore,5.1,9,0
47,54008,Male,Delhi,19.0,4,0
46,20060,Male,Bangalore,23.7,14,0
23,94666,Female,Bangalore,17.8,19,1
52,103559,Female,Chennai,5.3,3,1
58,75337,Female,Chennai,24.5,14,1
54,33350,Male,Mumbai,19.4,8,0
41,44354,Female,Chennai,12.3,1,0
46,65186,Female,Chennai,20.5,10,1
48,48145,Female,Chennai,8.5,18,1
52,54020,Female,Chennai,11.0,16,1
50,106123,Female,Delhi,27.6,8,1
38,95186,Male,Chennai,9.4,1,0
49,105469,Male,Delhi,14.6,12,1
40,40581,Female,Delhi,26.8,8,1
50,108929,Female,Chennai,21.5,16,1
20,43051,Female,Bangalore,2.8,18,0
35,71474,Male,Delhi,5.3,4,0
42,111748,Male,Bangalore,1.2,6,0
59,89626,Female,Bangalore,19.3,12,0
48,26960,Male,Chennai,14.0,9,0
20,55772,Male,Mumbai,4.9,15,0
57,41520,Female,Chennai,28.8,16,0
41,69481,Male,Mumbai,16.4,12,1
49,56408,Male,Mumbai,8.0,14,0
39,114006,Female,Chennai,15.5,13,1
40,77134,Male,Chennai,20.7,2,0
19,40491,Male,Mumbai,3.2,3,0
44,21341,Female,Chennai,9.0,10,0
59,64623,Male,Mumbai,24.4,9,1
19,110327,Male,Bangalore,14.3,8,0
43,20338,Female,Chennai,16.9,10,0
34,91431,Female,Bangalore,13.6,19,1
57,32254,Female,Delhi,2.3,3,0
50,71860,Male,Bangalore,5.8,5,0
26,31344,Female,Bangalore,13.9,3,0
56,21750,Male,Mumbai,7.1,16,0
46,74756,Female,Bangalore,2.4,17,0
59,87957,Male,Chennai,25.5,15,1
43,78053,Female,Mumbai,29.5,3,0
52,90855,Female,Delhi,24.0,12,1
42,35896,Female,Chennai,25.8,9,0
41,75761,Female,Delhi,8.0,12,0
30,82552,Male,Bangalore,28.9,15,1
24,97454,Female,Chennai,6.7,2,0
53,110600,Female,Chennai,28.6,18,1
37,47935,Male,Delhi,29.8,12,0
18,57641,Female,Chennai,21.6,4,0
25,49711,Male,Chennai,29.5,16,0
33,90342,Female,Chennai,17.5,16,0
31,32182,Female,Bangalore,8.5,1,0
29,107833,Female,Delhi,13.7,2,0
40,76276,Male,Chennai,18.2,3,0
32,39541,Female,Mumbai,3.1,17,1
45,114457,Female,Mumbai,19.0,1,0
51,102310,Female,Mumbai,29.5,6,1
19,64813,Male,Mumbai,6.5,15,0
49,57198,Male,Bangalore,24.0,14,1
40,28820,Female,Chennai,27.3,15,0
39,44070,Male,Delhi,28.4,14,0
42,89768,Female,Chennai,28.8,5,0
39,31122,Female,Bangalore,16.1,6,0
39,100559,Female,Mumbai,29.3,17,1
59,93543,Female,Bangalore,23.0,11,1
23,103441,Female,Chennai,5.7,16,0
32,61786,Female,Delhi,14.8,12,1
54,114934,Female,Bangalore,21.8,15,1
50,119804,Male,Delhi,8.2,4,0
25,26737,Male,Bangalore,19.6,18,0
22,56062,Male,Delhi,20.3,3,0
56,74237,Male,Delhi,5.7,8,0
21,71571,Male,Mumbai,17.4,3,0
23,45510,Male,Delhi,23.4,8,0
49,39426,Male,Mumbai,15.5,18,0
47,57265,Female,Chennai,1.4,10,0
52,37850,Female,Chennai,1.3,17,0
57,86150,Female,Mumbai,11.4,8,1
33,107312,Female,Mumbai,27.9,11,1
30,109613,Male,Bangalore,7.6,5,0
59,94910,Male,Bangalore,19.4,13,1
47,72375,Female,Bangalore,7.4,5,0
36,55435,Female,Chennai,10.3,13,1
34,116443,Male,Bangalore,25.6,6,1
36,77132,Female,Delhi,22.1,5,0
45,98945,Female,Delhi,3.8,9,0
43,102050,Female,Bangalore,13.4,16,1
54,115402,Female,Delhi,1.8,2,0
43,22983,Male,Chennai,14.9,1,0
40,117241,Female,Delhi,20.2,8,1
26,40662,Female,Chennai,4.4,19,0
29,43510,Male,Mumbai,9.4,11,0
18,98187,Male,Mumbai,12.5,12,1
18,60998,Female,Mumbai,27.7,12,1
51,76846,Male,Mumbai,29.8,7,0
49,114071,Female,Delhi,2.3,13,0
42,26640,Female,Bangalore,23.1,8,0
57,64547,Male,Delhi,11.8,9,1
18,74620,Female,Chennai,12.4,7,1
33,35317,Female,Delhi,22.9,15,0
56,27564,Female,Delhi,27.6,2,0
22,47345,Female,Chennai,28.6,12,1
39,114223,Male,Mumbai,17.7,1,0
46,99273,Male,Mumbai,11.4,8,1
20,94859,Female,Mumbai,23.8,5,0
29,100765,Male,Bangalore,8.3,15,0
43,94038,Female,Chennai,17.4,1,0
33,72393,Female,Chennai,11.4,1,1
54,86081,Female,Delhi,20.0,10,0
39,49430,Female,Bangalore,8.0,10,0
46,95532,Female,Mumbai,6.6,15,0
31,47788,Male,Bangalore,27.6,17,0
45,115505,Female,Chennai,4.0,6,0
22,68543,Male,Chennai,15.7,3,0
47,33919,Male,Delhi,7.4,13,0
22,89346,Female,Delhi,2.1,16,0
29,116122,Female,Chennai,2.0,8,0
33,59974,Female,Mumbai,6.1,15,0
43,36371,Female,Mumbai,26.1,17,0
43,65084,Female,Bangalore,9.2,17,0
38,49629,Male,Chennai,28.6,13,0
56,71184,Female,Chennai,17.9,17,1
53,81916,Female,Mumbai,13.7,6,1
50,93972,Male,Mumbai,17.8,17,1
47,82187,Male,Chennai,16.0,16,1
54,32984,Female,Delhi,23.0,14,0
40,53039,Male,Chennai,9.2,13,0
27,105431,Female,Chennai,11.2,6,1
22,103691,Male,Mumbai,26.9,3,0
53,78606,Male,Mumbai,28.4,14,1
51,30616,Female,Delhi,26.9,14,1
48,70072,Male,Delhi,13.2,15,0
27,44574,Male,Bangalore,23.6,8,0
36,23430,Male,Chennai,14.8,15,0
49,32676,Male,Mumbai,15.4,13,0
18,30816,Male,Delhi,6.9,17,0
22,52733,Male,Bangalore,18.1,3,0
21,105680,Female,Bangalore,6.4,6,0
33,22050,Female,Mumbai,10.6,5,0
41,53933,Male,Mumbai,25.8,17,1
33,44951,Female,Bangalore,7.0,2,0
19,52413,Female,Delhi,3.1,15,0
45,54801,Female,Bangalore,3.0,5,1
49,75619,Male,Chennai,28.3,6,0
44,52913,Female,Chennai,15.7,6,1
37,60600,Male,Mumbai,12.9,18,1
41,77775,Female,Delhi,24.5,18,1
29,110816,Male,Delhi,25.2,4,0
52,110093,Male,Chennai,10.6,17,1
50,55400,Female,Bangalore,21.1,14,1
50,24494,Female,Mumbai,23.4,14,0
54,100688,Male,Bangalore,20.0,13,1
29,109431,Female,Bangalore,5.4,7,0
20,94691,Female,Bangalore,26.4,12,0
18,117419,Female,Delhi,16.6,15,1
50,63001,Male,Chennai,9.2,19,0
57,87364,Male,Delhi,13.3,11,1
27,65028,Female,Chennai,2.1,15,0
46,117659,Female,Mumbai,4.7,12,0
30,57573,Female,Mumbai,23.2,3,0
29,20806,Male,Bangalore,1.0,17,0
48,76638,Male,Chennai,13.1,3,0
19,49757,Female,Chennai,16.2,19,0
52,54636,Female,Chennai,2.6,4,1
40,100097,Female,Bangalore,29.2,3,0
34,68280,Female,Bangalore,7.6,16,0
43,44262,Female,Mumbai,9.8,12,0
25,100435,Female,Delhi,9.8,8,1
46,82211,Male,Chennai,7.7,17,0
43,74842,Female,Chennai,1.0,7,0
27,76979,Male,Delhi,22.2,11,1
43,101470,Female,Chennai,29.0,18,0
51,58197,Female,Bangalore,7.5,1,0
58,61844,Male,Bangalore,20.2,3,0
24,84754,Male,Chennai,22.5,4,0
21,54157,Male,Bangalore,25.6,13,1
28,97129,Male,Bangalore,13.3,6,1
46,60042,Female,Chennai,9.8,14,0
53,81665,Male,Mumbai,10.4,5,0
42,102856,Female,Delhi,21.7,16,1
38,47376,Male,Bangalore,24.7,15,1
53,75554,Female,Mumbai,6.3,15,0
27,34199,Female,Bangalore,11.8,4,0
54,101412,Female,Bangalore,27.2,8,1
26,70948,Female,Delhi,24.4,16,1
41,93781,Female,Bangalore,29.6,16,1
52,92750,Female,Delhi,22.9,4,0
52,86262,Male,Delhi,12.4,13,1
53,66600,Female,Delhi,18.1,13,1
35,96898,Male,Mumbai,20.2,2,0
56,82483,Male,Chennai,3.3,3,0
49,38297,Female,Mumbai,16.8,8,1
41,50448,Male,Chennai,21.6,15,1
40,46172,Female,Chennai,5.9,11,0
49,62874,Male,Delhi,23.6,9,1
54,27657,Female,Bangalore,17.9,7,0
29,104386,Male,Delhi,28.6,13,1
30,45425,Female,Bangalore,2.2,2,0
40,46685,Female,Chennai,8.7,8,1
42,44578,Female,Delhi,18.4,7,0
52,48831,Female,Bangalore,9.6,12,0
58,27906,Male,Mumbai,21.7,19,0
47,81413,Female,Bangalore,23.0,7,1
34,74028,Male,Delhi,4.0,10,0
37,27287,Male,Mumbai,15.9,16,1
42,53660,Male,Bangalore,15.8,3,1
39,95758,Female,Bangalore,11.7,10,0
30,80504,Male,Bangalore,28.1,6,1
36,79720,Male,Bangalore,25.0,18,1
53,54701,Male,Bangalore,21.2,18,1
29,103300,Female,Mumbai,21.7,5,0
58,37674,Female,Chennai,14.4,7,0
36,103560,Male,Mumbai,27.7,2,0
29,43874,Female,Mumbai,21.1,11,0
26,63642,Female,Mumbai,22.1,13,1
24,117820,Male,Chennai,26.0,5,0
45,85160,Male,Delhi,8.9,6,0
31,37602,Female,Chennai,24.4,14,0
48,108801,Male,Mumbai,6.7,12,0
36,45931,Female,Bangalore,11.0,4,0
33,114377,Female,Bangalore,10.7,6,1
22,49192,Female,Mumbai,29.4,10,0
52,66542,Female,Bangalore,25.8,18,1
29,62520,Female,Mumbai,21.3,15,1
42,84772,Female,Bangalore,22.1,8,1
38,78762,Male,Chennai,17.3,9,1
53,70106,Male,Delhi,28.5,5,1
40,101121,Female,Delhi,15.4,10,1
33,45559,Female,Chennai,12.0,6,0
56,53742,Female,Chennai,5.7,16,0
59,89669,Male,Mumbai,23.8,3,0
56,100199,Female,Mumbai,22.3,10,1
31,41754,Male,Mumbai,12.1,11,0
48,23972,Female,Bangalore,1.7,11,0
22,90831,Female,Mumbai,25.3,17,1
52,61873,Male,Chennai,1.3,4,0
40,114661,Male,Delhi,21.4,4,0
46,29903,Female,Bangalore,29.1,17,0
28,23020,Female,Mumbai,13.7,9,1
35,61755,Female,Bangalore,7.8,19,1
29,105956,Male,Bangalore,21.4,5,0
26,106988,Male,Mumbai,24.7,6,1
27,65648,Male,Bangalore,16.8,3,0
34,29516,Male,Delhi,29.0,1,0
55,22396,Male,Chennai,2.5,16,0
24,104082,Male,Chennai,15.6,11,1
30,39129,Female,Delhi,21.8,13,0
57,21591,Female,Bangalore,26.0,10,1
59,31303,Male,Mumbai,6.2,3,0
26,50561,Female,Bangalore,24.2,9,1
44,91719,Female,Delhi,17.0,12,0
19,112108,Male,Bangalore,12.5,14,1
22,119616,Female,Chennai,4.8,1,0
46,106231,Male,Bangalore,26.1,18,1
54,27314,Male,Delhi,5.6,17,0
55,39623,Female,Chennai,10.0,9,0
36,87675,Male,Bangalore,9.4,9,0
25,116826,Male,Bangalore,26.3,10,1
18,85082,Male,Chennai,20.5,19,1
39,103624,Male,Mumbai,24.1,15,1
34,53130,Male,Chennai,8.3,5,0
24,71756,Male,Mumbai,19.1,15,1
42,117624,Male,Delhi,17.6,2,0
21,46292,Male,Delhi,25.2,13,0
53,106206,Female,Chennai,27.3,16,1
23,89274,Female,Chennai,1.4,15,0
48,22469,Female,Delhi,20.5,10,0
36,73947,Male,Mumbai,2.5,14,0
56,42534,Male,Delhi,16.9,10,0
44,83620,Female,Chennai,9.3,14,0
27,68874,Female,Delhi,9.9,9,1
43,69708,Female,Chennai,11.2,14,1
36,94553,Male,Chennai,19.0,3,0
56,88344,Female,Delhi,10.7,16,1
20,69138,Female,Mumbai,22.2,2,0
30,74302,Male,Bangalore,12.7,10,1
45,67638,Female,Delhi,3.0,3,0
37,98249,Male,Bangalore,23.7,11,1
45,22719,Male,Delhi,9.3,11,0
25,42890,Male,Bangalore,13.6,13,1
58,97236,Female,Mumbai,20.9,7,1
56,56509,Female,Mumbai,10.6,17,0
18,62534,Male,Delhi,2.6,2,0
20,112241,Female,Chennai,11.8,12,1
30,38787,Female,Bangalore,28.4,10,0
45,68845,Female,Chennai,19.6,18,1
42,77932,Female,Chennai,20.5,11,1
50,112124,Male,Chennai,19.3,16,0
55,111659,Female,Mumbai,6.8,17,0
23,53062,Male,Delhi,13.1,19,1
49,95713,Male,Delhi,22.8,18,1
38,107263,Female,Mumbai,3.9,3,0
33,115756,Male,Mumbai,9.1,16,0
38,80461,Female,Delhi,9.0,6,0
28,95418,Female,Chennai,13.5,12,1
54,86672,Male,Bangalore,29.4,11,1
53,54832,Male,Bangalore,3.0,15,0
52,51966,Male,Bangalore,16.0,15,1
36,92545,Male,Chennai,6.2,16,0
37,32987,Female,Delhi,29.1,10,0
35,57311,Female,Mumbai,4.3,12,0
58,51575,Female,Delhi,12.7,13,1
31,83852,Male,Chennai,22.4,4,1
32,21007,Male,Mumbai,21.4,7,0
48,90981,Male,Chennai,13.3,2,0
18,96242,Female,Bangalore,11.0,15,1
20,67517,Male,Bangalore,12.5,8,1
33,49257,Female,Chennai,8.7,7,0
40,107272,Male,Mumbai,7.0,15,0
28,62207,Female,Mumbai,15.0,14,1
29,33281,Female,Delhi,8.8,8,0
27,81246,Male,Bangalore,9.3,12,0
49,21435,Male,Delhi,20.0,13,1
33,118875,Female,Delhi,29.1,11,1
25,111357,Female,Chennai,18.5,17,0
55,46660,Male,Chennai,3.2,17,0
29,25084,Male,Delhi,3.2,4,0
41,102197,Female,Bangalore,28.6,8,1
45,33507,Male,Chennai,9.6,5,0
25,92595,Female,Delhi,3.7,16,0
45,103807,Female,Delhi,18.4,4,1
53,65539,Male,Delhi,19.1,15,1
43,27491,Male,Delhi,19.8,12,1
25,70192,Male,Delhi,8.8,5,0
45,100395,Male,Delhi,1.4,16,0
45,83888,Male,Chennai,29.0,14,1
54,93609,Female,Bangalore,8.3,10,0
58,29077,Female,Delhi,20.6,7,1
53,40953,Male,Mumbai,21.5,13,0
44,96919,Male,Chennai,18.7,5,0
34,87889,Male,Chennai,10.1,3,0
26,43821,Female,Delhi,8.9,15,0
50,57567,Male,Chennai,18.3,4,0
37,44860,Male,Delhi,26.1,15,0
30,41195,Female,Bangalore,28.5,14,0
45,97475,Female,Bangalore,4.1,19,0
46,110874,Male,Chennai,5.5,13,1
30,107266,Male,Chennai,28.4,10,0
52,41427,Male,Mumbai,22.4,5,0
23,47083,Female,Chennai,26.6,6,0
35,107046,Male,Mumbai,6.9,4,0
22,77372,Male,Bangalore,18.0,2,0
42,64064,Male,Bangalore,21.3,16,1
19,27813,Female,Delhi,20.7,18,0
27,51598,Female,Bangalore,12.8,5,0
47,113106,Male,Mumbai,1.4,4,0
22,47082,Male,Chennai,17.9,13,1
50,49241,Female,Delhi,8.3,19,0
18,116214,Female,Mumbai,14.1,2,0
35,64569,Female,Chennai,28.8,13,1
49,31745,Female,Delhi,12.6,11,0
28,46029,Female,Bangalore,25.4,4,0
38,33025,Female,Mumbai,6.5,15,0
43,34288,Female,Chennai,20.5,4,1
42,109186,Female,Delhi,29.3,9,1
39,26540,Female,Delhi,4.0,7,0
44,117768,Male,Bangalore,1.2,19,0
30,101958,Male,Chennai,13.6,19,1
50,88878,Male,Bangalore,3.7,6,0
51,61846,Female,Bangalore,22.7,6,0
58,95932,Male,Chennai,27.5,15,1
52,37482,Female,Chennai,13.6,15,1
18,43411,Female,Chennai,8.5,9,0
38,70975,Male,Mumbai,13.6,4,1
23,80545,Female,Chennai,22.0,18,1
45,98797,Male,Delhi,1.3,18,0
34,72307,Male,Bangalore,18.1,5,0
22,23093,Male,Mumbai,18.8,11,0
48,97258,Female,Chennai,19.5,5,1
22,42042,Male,Mumbai,8.0,4,0
55,72930,Female,Chennai,21.7,12,1
20,64413,Male,Mumbai,3.7,2,0
40,113623,Male,Bangalore,6.8,13,0
54,117883,Male,Bangalore,26.4,10,1
54,53756,Female,Delhi,22.4,9,1
27,73268,Female,Delhi,1.4,10,0
27,59214,Female,Chennai,8.2,7,0
36,101871,Male,Bangalore,7.2,4,0
34,48602,Male,Mumbai,8.9,19,0
38,73331,Female,Mumbai,8.2,10,0
31,68901,Female,Mumbai,2.8,3,0
26,119986,Female,Delhi,14.3,19,1
18,83416,Female,Mumbai,22.2,2,1
30,52196,Female,Delhi,18.6,10,1
21,25626,Female,Delhi,20.5,2,0
18,27424,Male,Chennai,3.4,2,0
57,32857,Female,Mumbai,28.6,17,0
49,39982,Male,Mumbai,25.3,16,0
51,96961,Male,Bangalore,24.3,16,1
45,21980,Female,Chennai,24.9,14,0
48,68290,Female,Bangalore,28.0,7,1
25,46431,Male,Chennai,16.8,11,0
56,104976,Female,Mumbai,6.8,1,0
43,102711,Female,Delhi,18.9,11,1
51,46385,Male,Delhi,22.5,4,0
20,58158,Male,Delhi,22.4,7,1
29,43019,Male,Delhi,16.1,15,0
18,38639,Female,Delhi,3.0,18,0
22,105530,Male,Bangalore,11.8,12,0
47,119911,Female,Chennai,27.7,17,1
47,41563,Male,Mumbai,17.9,1,0
34,59341,Male,Bangalore,16.6,11,1
40,25776,Male,Chennai,8.8,1,1
32,56444,Female,Delhi,11.7,15,1
54,88916,Female,Chennai,27.0,10,0
38,28711,Male,Chennai,20.3,7,1
31,94318,Male,Delhi,23.8,2,0
19,102970,Male,Delhi,14.2,10,0
28,105553,Female,Delhi,19.3,4,0
56,50707,Male,Mumbai,8.2,12,0
55,59110,Female,Delhi,21.5,19,1
51,81788,Male,Mumbai,13.4,11,1
55,102879,Male,Delhi,13.8,8,1
51,58827,Male,Mumbai,19.8,18,1
35,25655,Male,Chennai,28.2,11,0
47,64859,Male,Bangalore,2.9,11,0
32,73625,Male,Chennai,24.9,13,1
44,72098,Female,Chennai,9.5,3,0
51,35251,Male,Delhi,13.9,12,0
55,20526,Female,Mumbai,1.6,3,1
50,88760,Male,Bangalore,9.7,10,0
41,67837,Male,Delhi,15.6,17,1
32,31536,Female,Delhi,2.6,2,0
47,48541,Male,Delhi,15.2,17,0
59,99083,Female,Chennai,27.9,16,1
34,71027,Female,Mumbai,4.1,2,0
22,54531,Male,Mumbai,23.2,6,1
46,28712,Female,Bangalore,12.9,10,0
21,85455,Female,Mumbai,20.0,10,1
27,94744,Male,Mumbai,8.5,8,0
34,25109,Female,Delhi,5.6,1,0
27,69268,Male,Delhi,5.7,13,0
34,74615,Male,Chennai,3.0,9,0
37,102503,Male,Delhi,6.4,10,0
41,49759,Male,Delhi,20.3,15,0
22,105708,Female,Delhi,26.6,5,0
51,80112,Male,Delhi,24.6,16,1
23,46589,Male,Chennai,20.9,13,0
19,50015,Female,Delhi,4.2,18,0
30,49009,Male,Bangalore,9.4,11,0
28,103309,Male,Bangalore,10.0,9,0
40,82046,Female,Bangalore,8.2,16,0
33,46143,Female,Bangalore,15.9,2,0
48,26154,Female,Delhi,16.5,2,0
28,41804,Female,Bangalore,11.3,12,0
33,61688,Female,Delhi,11.3,8,1
25,84288,Female,Chennai,25.0,9,1
21,71195,Female,Bangalore,23.9,12,1
57,40581,Male,Mumbai,9.9,9,0
21,72648,Female,Bangalore,27.5,10,1
42,50087,Female,Bangalore,28.6,2,0
20,69930,Female,Delhi,10.5,16,0
49,52981,Male,Bangalore,11.3,7,1
20,89298,Male,Mumbai,15.7,2,0
44,66167,Female,Delhi,28.3,1,0
46,95304,Female,Delhi,26.4,19,1
49,63408,Female,Chennai,4.0,4,1
36,59499,Male,Chennai,12.4,2,0
38,72269,Male,Bangalore,17.0,14,1
22,58559,Female,Chennai,15.6,2,0
35,94319,Male,Chennai,6.6,15,0
45,115317,Female,Chennai,25.9,12,1
59,116347,Male,Delhi,20.6,5,0
39,68787,Male,Delhi,25.3,7,0
38,55488,Female,Delhi,25.9,10,1
23,94441,Female,Chennai,22.7,14,1
18,94663,Female,Delhi,13.7,14,1
22,42431,Female,Chennai,18.7,5,0
58,81681,Male,Delhi,5.7,18,0
29,83483,Male,Delhi,20.5,14,0
43,69153,Male,Mumbai,6.2,2,0
51,26368,Female,Bangalore,21.1,12,0
31,47424,Male,Chennai,7.7,6,0
43,65004,Female,Mumbai,4.4,4,0
44,103869,Male,Delhi,5.8,13,0
26,108652,Female,Chennai,1.1,4,0
43,76985,Female,Delhi,21.8,14,1
39,70069,Male,Bangalore,22.2,16,1
47,72326,Female,Mumbai,15.9,4,0
34,101061,Female,Bangalore,5.7,1,0
43,43398,Male,Mumbai,3.4,13,0
53,118393,Female,Delhi,1.6,4,1
18,70861,Female,Bangalore,5.8,18,0
25,95897,Female,Bangalore,26.8,6,0
52,101905,Male,Delhi,8.0,3,0
32,88577,Male,Bangalore,11.3,13,1
39,85641,Female,Chennai,4.1,16,0
31,29078,Male,Mumbai,7.4,5,0
43,45003,Female,Mumbai,16.1,4,0
45,82768,Female,Mumbai,18.6,8,1
40,71047,Female,Chennai,8.1,19,0
31,91626,Female,Mumbai,2.7,14,0
41,77660,Female,Delhi,12.3,7,1
19,69786,Male,Bangalore,7.8,14,0
43,21925,Female,Chennai,7.4,6,0
31,103976,Male,Mumbai,28.8,12,1
24,46015,Male,Delhi,18.9,16,0
20,53320,Female,Bangalore,17.1,17,1
40,84881,Female,Bangalore,13.1,13,1
35,110827,Male,Chennai,13.4,14,1
55,46289,Male,Chennai,16.7,7,0
52,23389,Male,Chennai,21.2,14,0
32,45683,Female,Delhi,21.4,15,0
42,33629,Male,Delhi,6.0,12,0
54,81550,Female,Chennai,15.5,17,1
45,44826,Female,Mumbai,12.9,9,0
27,46630,Female,Bangalore,26.2,15,0
56,118762,Male,Bangalore,19.3,12,0
34,66163,Female,Delhi,16.4,2,0
56,118511,Female,Bangalore,4.3,5,0
39,86435,Female,Mumbai,18.6,13,1
43,31653,Female,Bangalore,4.4,8,1
42,47961,Female,Delhi,10.8,14,0
34,101941,Male,Delhi,5.1,15,0
30,94137,Female,Mumbai,21.1,11,0
37,53662,Female,Mumbai,7.0,1,1
42,118818,Male,Bangalore,12.4,3,0
21,76446,Female,Bangalore,27.0,17,1
27,41288,Male,Delhi,6.9,19,0
20,115081,Female,Mumbai,15.7,14,1
58,56877,Male,Mumbai,13.2,8,1
35,35313,Male,Mumbai,1.5,13,0
53,100885,Female,Bangalore,24.0,3,0
39,92715,Female,Mumbai,3.0,5,1
51,30326,Female,Delhi,14.8,9,0
25,21560,Male,Delhi,17.3,6,0
57,99148,Male,Bangalore,19.2,2,0
36,103186,Male,Chennai,21.0,13,1
59,46745,Female,Bangalore,8.3,5,1
58,51890,Male,Chennai,1.3,8,0
54,40022,Male,Mumbai,22.0,1,1
23,72579,Female,Bangalore,16.5,12,1
43,90316,Male,Delhi,25.2,11,1
51,103847,Male,Mumbai,24.8,7,1
23,48380,Female,Delhi,25.5,15,0
54,22356,Male,Mumbai,15.1,11,1
50,90326,Female,Bangalore,10.7,16,1
39,112447,Female,Chennai,24.0,3,1
38,109899,Female,Mumbai,14.1,14,1
23,40049,Female,Chennai,6.3,3,0
23,95717,Female,Mumbai,25.8,1,0
21,36082,Male,Delhi,26.6,15,1
47,20661,Male,Delhi,14.5,1,0
28,57412,Female,Mumbai,3.2,17,0
47,22920,Female,Chennai,12.2,2,1
48,111194,Male,Bangalore,24.3,6,0
41,80315,Female,Bangalore,27.2,8,1
26,99561,Female,Delhi,6.9,16,0
20,28946,Female,Bangalore,2.9,19,0
48,114242,Male,Delhi,26.4,1,0
57,65500,Male,Bangalore,12.3,3,0
54,36309,Female,Mumbai,16.7,3,0
53,75230,Female,Delhi,29.1,5,0
41,118656,Male,Delhi,2.9,12,0
48,50027,Male,Mumbai,19.8,12,0
23,92541,Female,Delhi,3.1,13,0
19,79321,Female,Bangalore,11.9,9,1
37,20956,Male,Bangalore,24.3,7,0
45,94131,Male,Delhi,13.6,4,1
28,67908,Male,Bangalore,29.9,19,1
21,98339,Female,Chennai,17.2,19,1
32,45963,Male,Delhi,10.3,6,0
23,59443,Female,Mumbai,7.4,13,0
47,119259,Male,Chennai,11.2,11,1
55,59063,Male,Delhi,11.8,13,1
19,100818,Male,Mumbai,3.0,13,0
32,24703,Male,Bangalore,11.7,15,0
28,85128,Female,Mumbai,14.5,13,1
25,92099,Female,Chennai,22.0,11,1
43,45849,Male,Bangalore,20.0,19,0
22,51860,Female,Delhi,21.6,8,1
23,51585,Male,Bangalore,1.2,8,0
43,42015,Male,Delhi,7.3,10,0
21,97539,Male,Delhi,20.2,16,1
36,63585,Male,Mumbai,15.0,19,1
37,46958,Female,Mumbai,1.2,11,0
50,46017,Male,Mumbai,24.3,13,1
37,96707,Male,Chennai,23.4,9,1
29,65350,Female,Chennai,16.9,19,1
18,32201,Male,Mumbai,2.9,16,0
43,49426,Male,Chennai,23.2,7,0
31,37778,Male,Bangalore,17.9,19,0
55,65241,Female,Bangalore,23.7,12,1
54,62229,Male,Chennai,22.8,15,1
28,106652,Female,Chennai,24.3,14,1
53,68364,Male,Bangalore,16.0,11,1
30,118833,Male,Delhi,5.1,10,0
20,104878,Female,Bangalore,20.5,11,1
50,77056,Male,Bangalore,19.0,6,0
23,47490,Male,Chennai,22.5,2,1
27,39975,Female,Bangalore,5.9,11,1
22,46723,Female,Chennai,6.7,19,0
40,43279,Female,Chennai,26.8,6,0
27,98301,Female,Mumbai,22.7,14,1
19,31561,Female,Bangalore,27.3,6,0
30,86061,Male,Delhi,23.0,17,1
57,108397,Female,Mumbai,18.3,10,1
19,69153,Male,Chennai,20.0,1,0
37,53142,Male,Chennai,26.8,3,0
18,46916,Male,Delhi,17.8,8,0
54,84324,Female,Chennai,19.3,8,1
26,64965,Female,Bangalore,5.5,15,0
34,24648,Male,Mumbai,14.7,7,0
26,55133,Female,Chennai,21.8,11,1
28,70677,Female,Chennai,8.9,7,0
32,116059,Female,Delhi,6.9,4,0
41,114588,Female,Bangalore,10.1,12,0
55,119950,Male,Chennai,8.0,6,1
52,118317,Male,Delhi,7.2,14,0
47,90135,Female,Chennai,13.3,12,1
48,55046,Male,Delhi,27.3,11,1
22,67064,Female,Delhi,15.7,19,1
31,89350,Female,Bangalore,6.4,5,0
28,65893,Male,Chennai,3.2,14,0
26,81272,Male,Bangalore,21.2,16,1
51,112152,Male,Delhi,12.1,13,0
29,87649,Female,Mumbai,24.8,4,0
52,84674,Male,Chennai,20.1,11,1
52,33760,Female,Mumbai,24.1,17,0
18,41927,Male,Chennai,8.9,7,0
57,106475,Male,Bangalore,21.1,14,1
39,81367,Female,Bangalore,8.7,11,0
46,117955,Female,Bangalore,28.2,9,1
25,32588,Female,Bangalore,19.5,13,0
28,72233,Female,Bangalore,10.4,18,1
58,64738,Female,Mumbai,8.8,11,0
54,53397,Female,Bangalore,6.5,15,0
31,102189,Female,Delhi,21.1,19,1
47,96367,Female,Delhi,7.3,1,0
52,91260,Male,Mumbai,18.3,4,0
38,96619,Female,Chennai,8.7,14,0
54,39816,Female,Delhi,20.2,14,1
22,62240,Male,Chennai,24.6,3,0
36,26276,Female,Mumbai,23.6,17,1
31,99530,Male,Chennai,23.1,3,0
43,43499,Male,Chennai,6.4,16,1
21,108576,Female,Chennai,3.6,14,0
42,102495,Male,Chennai,21.3,13,1
59,91635,Female,Mumbai,11.7,15,0
42,105112,Male,Delhi,13.5,14,1
35,55946,Male,Bangalore,1.9,19,0
57,75204,Male,Chennai,8.5,6,0
25,71886,Female,Delhi,2.0,10,0
56,91652,Female,Delhi,26.5,15,0
57,35563,Male,Mumbai,8.1,6,0
31,112324,Male,Delhi,17.2,10,1
49,112464,Female,Mumbai,2.1,7,0
55,29847,Female,Chennai,20.3,17,0
50,46155,Male,Chennai,10.4,18,0
40,99671,Male,Bangalore,27.0,17,1
32,103310,Female,Bangalore,26.8,9,1
50,87278,Female,Bangalore,10.4,10,1
42,38309,Female,Delhi,27.1,10,1
34,20619,Female,Chennai,29.9,7,1
50,103194,Female,Mumbai,24.9,16,1
19,70108,Male,Bangalore,25.5,18,1
31,54707,Female,Mumbai,8.2,6,0
57,40337,Male,Mumbai,17.7,1,0
57,101537,Female,Bangalore,3.0,1,0
56,86504,Male,Chennai,3.8,12,0
23,67614,Female,Bangalore,30.0,2,0
23,111428,Female,Mumbai,10.5,4,0
20,111155,Male,Bangalore,22.7,17,0
24,20281,Male,Mumbai,24.4,4,0
25,47420,Female,Mumbai,25.9,11,1
59,100896,Female,Bangalore,29.9,4,0
32,59030,Female,Delhi,8.0,1,0
46,21058,Female,Bangalore,2.2,7,0
50,106213,Female,Delhi,12.9,18,1
47,96260,Male,Mumbai,4.8,9,0
56,48404,Male,Mumbai,1.7,3,0
44,49856,Female,Delhi,11.5,8,0
53,29200,Male,Mumbai,23.7,19,0
46,84178,Male,Delhi,17.4,4,1
55,53997,Male,Delhi,10.1,18,0
50,45611,Female,Mumbai,20.0,11,0
54,61235,Male,Chennai,7.7,14,0
44,55057,Female,Delhi,1.4,18,0
50,21239,Male,Bangalore,23.2,16,0
21,85661,Female,Bangalore,19.1,3,0
39,65272,Male,Mumbai,23.1,15,0
19,109393,Female,Chennai,2.1,4,0
27,81212,Female,Mumbai,25.3,5,1
22,35398,Male,Chennai,19.0,17,0
27,76503,Female,Delhi,17.3,7,0
50,26638,Female,Delhi,19.1,16,0
55,26570,Female,Delhi,26.1,14,1
30,88785,Female,Delhi,18.0,16,1
48,29110,Female,Bangalore,17.8,7,0
53,99141,Female,Bangalore,29.7,9,0
41,32115,Female,Mumbai,22.9,4,0
32,59062,Female,Chennai,13.8,11,1
46,42911,Male,Delhi,21.5,2,0
25,52556,Male,Delhi,12.3,12,1
22,98131,Female,Chennai,7.6,12,0
